UI	needSettled	needs {n} worlds settled	нужно заселить миров: {n}
UI	settledRow	Worlds settled	Заселено миров
MSG	settled	Not enough worlds settled yet.	Заселено слишком мало миров.
MSG	needsettled	Needs {n} settled worlds — you have {r}. Every world you have ever settled counts, even a spent one.	Нужно заселённых миров: {n} — у тебя {r}. Считаются все миры, которые ты когда-либо заселял, даже выработанные.
UI	assignTo	Send to:	Отправить на:
UI	assignHere	Send here	Отправить сюда
UI	freeHulls	Free hulls at Earth	Свободные суда у Земли
UI	freeNone	No free hull at Earth can reach this world. The standing order below builds new ones.	Ни один свободный корпус у Земли сюда не долетает. Постоянный приказ ниже построит новые.
UI	ringSignTitle	NEW RING · {s}	НОВОЕ КОЛЬЦО · {s}
UI	ringSignGo	Ready to chart — click	Можно наносить — нажми
UI	ringSignSettled	Settled worlds: {r} of {n} needed	Заселено миров: {r} из {n} нужных
UI	noFreeTitle	NO FREE WORLDS LEFT	СВОБОДНЫХ МИРОВ БОЛЬШЕ НЕТ
UI	noFreeBody	Every world on the charted rings is settled or spent. Chart a new ring — it is the only way to find more worlds. Without them the colonies run dry and Earth starves.	Все миры на нанесённых кольцах заселены или выработаны. Нанеси новое кольцо — другого способа найти новые миры нет. Без них колонии иссякнут, и Земля умрёт с голоду.
UI	noFreeGo	Go to survey	К разведке
UI	noFreeLater	Later	Позже
UI	rangeWarn	Generation {g} hulls reach ring {n}. Free worlds farther out: {k} — they need the drive programme.	Корпуса поколения {g} долетают до кольца {n}. Свободных миров дальше: {k} — нужна программа двигателя.
UI	newGenTitle	GENERATION {g} HULLS ARE READY	КОРПУСА ПОКОЛЕНИЯ {g} ГОТОВЫ
UI	newGenBody	Build them in the yards (dock below).	Строй их на верфях (док внизу).
UI	speedUnit	yr/s	лет/с
UI	speedTip	Years of route covered per second at 1× game speed.	Лет пути в секунду при скорости игры 1×.
MSG	ok_want_free	{p}: {n} × {c} wanted. A free hull at Earth goes first — no new build.	{p}: нужно {n} × {c}. Первым пойдёт свободный корпус у Земли — строить новый не придётся.
MSG	ok_want_build	{p}: {n} × {c} wanted. No free hull of that class at Earth — the yards are building {k} new one(s) for {p}, ready in about {y} years.	{p}: нужно {n} × {c}. Свободного корпуса этого класса у Земли нет — верфи строят новых: {k} для {p}, готовы примерно через {y} лет.
MSG	want_wait	{p}: {n} × {c} wanted. No free hull at Earth, and the yards cannot start a new one: {w}.	{p}: нужно {n} × {c}. Свободных корпусов у Земли нет, и верфи не могут начать новый: {w}.
MSG	ok_assign	Hull {n} sent to {p}.	Корпус {n} отправлен на {p}.
UI	flTab	Fleet	Флот
UI	flBuilding	{n} building	строится: {n}
UI	flYards	{y} yrs left	ещё {y} лет
UI	flFree	free at Earth	свободен у Земли
UI	flEmpty	No hulls yet. Lay one down in the dock below.	Корпусов пока нет. Заложи первый в доке внизу.
UI	flGrpYards	In the yards	На верфях
UI	flGrpFree	Free at Earth	Свободны у Земли
UI	flGrpWork	On the lines and in flight	На линиях и в полёте
UI	flGrpOther	Lost or refusing orders	Потеряны или отказались
UI	depletedTitle	Spent world	Выработанный мир
UI	depletedLead	The seam is exhausted and the surface is empty.	Залежь выработана, и на поверхности ничего не осталось.
UI	depletedLeft	{n} {r} still sits on the surface. The evacuation takes it home as far as the hold allows.	На поверхности осталось: {n} ({r}). Эвакуация заберёт столько, сколько влезет в трюм.
UI	depletedNone	The stockyard is empty — nothing left to collect. Bring the people home.	Склад пуст — забирать нечего. Верни людей домой.
UI	lineGen	Hull generation	Поколение корпуса
UI	lineGenNewest	newest	новейшее
UI	lineGenRetired	The yards no longer lay this generation down. A free hull of it can still be sent.	Верфи это поколение больше не строят. Свободный корпус такого поколения всё ещё можно отправить.
UI	lineGens	on line: {g}	на линии: {g}
MSG	gen_retired	The yards no longer build this generation, and none is free at Earth.	Верфи это поколение больше не строят, и свободных у Земли нет.
UI	dryTitle	Seam exhausted	Залежь выработана
UI	dryLead	Nothing more to dig, but {n} {r} still lies on the surface. Hulls can still be sent to collect it; once the surface is empty, only evacuation remains.	Добывать больше нечего, но на поверхности ещё лежит {n} ({r}). Сюда ещё можно отправлять корпуса, чтобы дособрать; когда поверхность опустеет, останется только эвакуация.
UI	rateLine	World makes {m}/yr · line hauls {h}/yr	Мир даёт {m}/год · линия вывозит {h}/год
UI	evacWho	Courier {n} ({h}) goes: hold {c}, people {k} — everyone fits; {y} years out.	Пойдёт курьер {n} ({h}): трюм {c}, людей {k} — помещаются все; лететь {y} лет.
UI	evacShort	Courier {n} ({h}) holds {c} of {k} people — {l} will stay behind. A bigger courier (newer generation) lifts everyone.	Курьер {n} ({h}) берёт {c} из {k} человек — {l} останутся. Курьер побольше (нового поколения) снимет всех.
UI	evacNoCourierHint	Only a courier lifts a settlement, and none is free at Earth. {w}	Снимать поселение может только курьер, а свободных у Земли нет. {w}
UI	evacW_orderC	Build a courier in the dock, or take one off a standing order.	Заложи курьер в доке или сними один с постоянного приказа.
MSG	evacNoCourier	No free courier at Earth can reach {p}. {w}	У Земли нет свободного курьера, который долетит до {p}. {w}
MSG	evacCourier	Only a courier can lift a settlement.	Снимать поселение может только курьер.
MSG	ok_evac_short	Courier {n} is on its way to lift {p} — it holds {c}; {l} people will stay behind.	Курьер {n} пошёл снимать {p} — трюм {c}; {l} человек останутся.
UI	hullFmt	{t} “{n}” {g}	{t} «{n}» {g}
UI	hullNm_courier	Hermes	Гермес
UI	hullNm_hauler	Sisyphus	Сизиф
UI	hullNm_freighter	Atlas	Атлант
